id,first_name,last_name,email,gender,birthdate
1,Randie,Mowlam,rmowlam0@simplemachines.org,Female,07/03/1990
2,Oby,Winchester,owinchester1@blinklist.com,Male,21/04/1968
3,Anabel,Valti,avalti2@unblog.fr,Female,29/06/1963
4,Wheeler,Brunesco,wbrunesco3@wsj.com,Male,09/01/1977
5,Collette,Jindrich,cjindrich4@drupal.org,Female,17/11/1942
6,Bastian,Ealam,bealam5@facebook.com,Male,16/11/1942
7,Helga,Dominicacci,hdominicacci6@cpanel.net,Female,23/11/1988
8,Kerianne,Duerdin,kduerdin7@is.gd,Female,15/02/1975
9,Waite,Eudall,weudall8@discovery.com,Male,01/03/1994
10,Morly,Myner,mmyner9@bloomberg.com,Male,22/12/1988
11,Farrand,Ollarenshaw,follarenshawa@addtoany.com,Female,10/05/1986
12,Lauree,Oxenbury,loxenburyb@indiegogo.com,Female,01/11/1954
13,Everard,Serrier,eserrierc@ameblo.jp,Male,11/03/1981
14,Codie,Cominello,ccominellod@booking.com,Male,29/01/1947
15,Deane,Watts,dwattse@hatena.ne.jp,Male,01/05/1991
16,Tabbi,Gaunson,tgaunsonf@mozilla.com,Female,09/07/1961
17,Abbot,Perrie,aperrieg@feedburner.com,Male,18/01/1971
18,Nolana,Yukhov,nyukhovh@sohu.com,Female,31/08/1978
19,Anita,Twoohy,atwoohyi@loc.gov,Female,05/04/1964
20,Link,Rosgen,lrosgenj@about.com,Male,27/05/1946
21,Johnnie,Brittoner,jbrittonerk@discovery.com,Male,19/08/1995
22,Carilyn,Mattiussi,cmattiussil@360.cn,Female,17/12/1949
23,Giavani,Ramshaw,gramshawm@nyu.edu,Male,15/07/1988
24,Liam,Matijevic,lmatijevicn@sohu.com,Male,07/02/1989
25,Harrietta,Whellams,hwhellamso@seattletimes.com,Female,09/05/1954
26,Townie,Kingscott,tkingscottp@wufoo.com,Male,20/08/1973
27,Trevor,Gobert,tgobertq@google.co.uk,Male,01/03/1950
28,Wilden,Bater,wbaterr@newyorker.com,Male,11/12/1977
29,Johann,Mounch,jmounchs@huffingtonpost.com,Male,25/12/1973
30,Barnabas,Knox,bknoxt@seattletimes.com,Male,21/05/1995
31,Binnie,Sevin,bsevinu@msn.com,Female,30/07/1999
32,Jud,Moncaster,jmoncasterv@nifty.com,Male,04/10/1962
33,Marie-ann,Ring,mringw@yale.edu,Female,30/04/1951
34,Dale,Ruggiero,druggierox@quantcast.com,Male,07/10/1972
35,Paxon,Burnyeat,pburnyeaty@cyberchimps.com,Male,06/04/1955
36,Amby,Powis,apowisz@ezinearticles.com,Male,02/12/1977
37,Bordy,Knapper,bknapper10@discuz.net,Male,09/10/1976
38,Joe,Howorth,jhoworth11@dedecms.com,Male,31/05/1987
39,Merrielle,Chinnick,mchinnick12@va.gov,Female,15/04/1991
40,Corabella,Smallcomb,csmallcomb13@sciencedirect.com,Female,25/12/1999
41,Kalvin,Wickersham,kwickersham14@studiopress.com,Male,02/12/1999
42,Jacquie,Ledgerton,jledgerton15@howstuffworks.com,Female,15/06/1946
43,Bartholomeus,Sterte,bsterte16@jalbum.net,Male,02/08/1989
44,Percy,Goldes,pgoldes17@state.gov,Male,17/11/1986
45,Leo,Skerritt,lskerritt18@symantec.com,Male,18/03/1990
46,Muriel,Bartolomeo,mbartolomeo19@prlog.org,Female,01/02/1990
47,Gregoire,Fulloway,gfulloway1a@deviantart.com,Male,25/09/1989
48,Gilly,Yukhnin,gyukhnin1b@qq.com,Female,06/06/1974
49,Ianthe,Eddisforth,ieddisforth1c@imdb.com,Female,31/05/1998
50,Carlin,Humbell,chumbell1d@acquirethisname.com,Male,19/08/1992
51,Lynn,Coney,lconey1e@google.com.au,Male,25/08/1959
52,Lisbeth,Gunning,lgunning1f@washingtonpost.com,Female,30/03/1997
53,Clayton,Risbie,crisbie1g@uol.com.br,Male,22/04/1979
54,Clevie,Clayborn,cclayborn1h@furl.net,Male,27/02/1959
55,Essa,Pappin,epappin1i@mapy.cz,Female,05/05/1976
56,Kym,Toler,ktoler1j@wordpress.com,Female,28/09/1985
57,Matilde,Eastridge,meastridge1k@flickr.com,Female,17/04/1972
58,Tanney,Iddison,tiddison1l@friendfeed.com,Male,11/02/1950
59,Lannie,Gowthorpe,lgowthorpe1m@un.org,Male,13/10/1997
60,Cully,Clery,cclery1n@themeforest.net,Male,10/04/1952
61,Zared,Smorthwaite,zsmorthwaite1o@phoca.cz,Male,23/02/1981
62,Sherilyn,Hoffner,shoffner1p@naver.com,Female,13/04/1980
63,Owen,McKeowon,omckeowon1q@vinaora.com,Male,06/04/1971
64,Salvatore,Mumberson,smumberson1r@w3.org,Male,19/02/1986
65,Kleon,Axup,kaxup1s@blogger.com,Male,17/01/1946
66,Andrew,Whitten,awhitten1t@multiply.com,Male,28/12/1944
67,Itch,Lamshead,ilamshead1u@angelfire.com,Male,15/02/1950
68,Wilhelmina,Rouge,wrouge1v@merriam-webster.com,Female,22/04/1997
69,Monty,Hedin,mhedin1w@soup.io,Male,08/02/1960
70,Gisela,Jermin,gjermin1x@apple.com,Female,08/06/1949
71,Lorain,Triplet,ltriplet1y@ted.com,Female,26/10/1979
72,Vale,Savage,vsavage1z@cam.ac.uk,Male,07/07/1956
73,Roxie,Gibbeson,rgibbeson20@foxnews.com,Female,27/08/1971
74,Keene,Platt,kplatt21@bing.com,Male,11/02/1986
75,Marabel,Laherty,mlaherty22@samsung.com,Female,19/05/1949
76,Broddy,Girodin,bgirodin23@ehow.com,Male,24/02/1966
77,Kinna,Sleit,ksleit24@cafepress.com,Female,07/09/1980
78,Erda,Merwede,emerwede25@youtube.com,Female,12/03/1955
79,Maggy,Wolfers,mwolfers26@pcworld.com,Female,14/06/1940
80,Miles,Chung,mchung27@tinyurl.com,Male,30/07/1941
81,Arly,Lodin,alodin28@cmu.edu,Female,31/10/1992
82,Eduardo,Orthmann,eorthmann29@businessinsider.com,Male,15/12/1953
83,Coleen,Tesh,ctesh2a@freewebs.com,Female,02/06/1955
84,Fredric,Gaspero,fgaspero2b@addthis.com,Male,07/07/1958
85,Henrik,Bartalini,hbartalini2c@home.pl,Male,20/04/1958
86,Moe,Bicker,mbicker2d@nbcnews.com,Male,30/10/1985
87,Mella,Neasham,mneasham2e@youku.com,Female,07/09/1955
88,Townsend,Lavigne,tlavigne2f@blogs.com,Male,25/04/1998
89,Robbyn,Krzyzaniak,rkrzyzaniak2g@smugmug.com,Female,08/09/1948
90,Ricca,Vickress,rvickress2h@google.nl,Female,10/12/1975
91,Elyssa,Rizzardini,erizzardini2i@imageshack.us,Female,20/05/1970
92,Kaitlynn,Boundley,kboundley2j@auda.org.au,Female,27/07/1956
93,Ericha,Glennard,eglennard2k@merriam-webster.com,Female,11/11/1985
94,Whit,Kingsnoad,wkingsnoad2l@chron.com,Male,26/05/1982
95,Ellis,Wolfer,ewolfer2m@aol.com,Male,20/09/1997
96,Emelita,Cottell,ecottell2n@paypal.com,Female,10/02/1987
97,Philippine,Mechem,pmechem2o@sciencedirect.com,Female,04/10/1943
98,Hillary,Raymen,hraymen2p@usnews.com,Male,27/05/1993
99,Cristie,Franzonello,cfranzonello2q@icio.us,Female,03/01/1974
100,Katerine,Northridge,knorthridge2r@eventbrite.com,Female,30/12/1943
101,Heywood,Duigan,hduigan2s@sphinn.com,Male,22/12/1964
102,Desirae,Buie,dbuie2t@senate.gov,Female,09/07/1977
103,Fina,Jeens,fjeens2u@angelfire.com,Female,31/03/1994
104,Rickie,Arch,rarch2v@deliciousdays.com,Female,13/01/1946
105,Ferdy,Barmby,fbarmby2w@telegraph.co.uk,Male,20/09/1978
106,Hubey,Merry,hmerry2x@samsung.com,Male,02/10/1976
107,Astra,Mccaull,amccaull2y@state.gov,Female,11/09/1978
108,Tasha,McCarrison,tmccarrison2z@home.pl,Female,10/10/1977
109,Matthew,Andriveaux,mandriveaux30@fc2.com,Male,12/02/1990
110,Lemar,Lubbock,llubbock31@fastcompany.com,Male,28/03/1986
111,Felice,Almond,falmond32@wikipedia.org,Female,26/11/1964
112,Hillier,Hawkyens,hhawkyens33@tamu.edu,Male,21/05/1953
113,Correy,Ekless,cekless34@berkeley.edu,Male,12/11/1993
114,Christy,Monelli,cmonelli35@cornell.edu,Female,14/09/1982
115,Mathe,Robert,mrobert36@about.me,Male,22/03/1988
116,Daune,Dat,ddat37@indiatimes.com,Female,01/11/1990
117,Flin,Leaburn,fleaburn38@hubpages.com,Male,06/02/1993
118,Conan,Morfell,cmorfell39@so-net.ne.jp,Male,20/03/1983
119,Durand,Andrusov,dandrusov3a@salon.com,Male,22/12/1957
120,Lenna,Riep,lriep3b@cornell.edu,Female,13/05/1995
121,Margret,Oxterby,moxterby3c@patch.com,Female,31/01/1940
122,Tom,Artiss,tartiss3d@dion.ne.jp,Male,11/02/1964
123,Wendi,McVie,wmcvie3e@istockphoto.com,Female,03/07/1951
124,Ray,Eveling,reveling3f@cyberchimps.com,Male,24/07/1972
125,Erroll,Worsnip,eworsnip3g@nhs.uk,Male,13/02/1943
126,Gino,Helmke,ghelmke3h@cbsnews.com,Male,21/10/1979
127,Jolene,Tremonte,jtremonte3i@dailymail.co.uk,Female,01/11/1982
128,Alfie,Havenhand,ahavenhand3j@last.fm,Male,12/06/1999
129,Ernesta,Skeleton,eskeleton3k@vk.com,Female,24/09/1950
130,Pen,Akett,pakett3l@wired.com,Female,14/01/1962
131,Trula,Priver,tpriver3m@flickr.com,Female,16/12/1947
132,Trevar,Coffelt,tcoffelt3n@china.com.cn,Male,30/09/1969
133,Andreana,Ranger,aranger3o@prlog.org,Female,10/02/1941
134,Tessie,Merryweather,tmerryweather3p@irs.gov,Female,29/01/1982
135,Elka,Ashbrook,eashbrook3q@dmoz.org,Female,27/05/1948
136,Mycah,Fetherston,mfetherston3r@flavors.me,Male,28/06/1951
137,Gordy,Franzewitch,gfranzewitch3s@telegraph.co.uk,Male,09/07/1987
138,Morley,Coulthard,mcoulthard3t@youku.com,Male,23/06/1994
139,Odetta,Alsop,oalsop3u@sourceforge.net,Female,17/11/1959
140,Aurelia,Tremblay,atremblay3v@un.org,Female,21/07/1989
141,Elinore,Signorelli,esignorelli3w@reuters.com,Female,21/02/1958
142,Francene,Fredy,ffredy3x@dagondesign.com,Female,05/10/1941
143,Robinett,Plascott,rplascott3y@gravatar.com,Female,24/06/1984
144,Wilek,Wakerley,wwakerley3z@timesonline.co.uk,Male,12/11/1947
145,Bradley,Cullnean,bcullnean40@nps.gov,Male,19/12/1992
146,Milt,Dalziel,mdalziel41@wikia.com,Male,24/10/1973
147,Barbara,Nortcliffe,bnortcliffe42@xrea.com,Female,30/10/1961
148,Avigdor,Heenan,aheenan43@statcounter.com,Male,08/05/1960
149,Siegfried,Casina,scasina44@walmart.com,Male,06/08/1968
150,Noell,Abbay,nabbay45@yelp.com,Female,11/03/1968
151,Gill,Rootes,grootes46@howstuffworks.com,Male,22/07/1952
152,Chastity,Korejs,ckorejs47@networksolutions.com,Female,30/08/1946
153,Lewie,Bonsul,lbonsul48@skype.com,Male,04/12/1954
154,Cindie,Stetson,cstetson49@nps.gov,Female,30/04/1980
155,Harriot,Iacomi,hiacomi4a@acquirethisname.com,Female,06/10/1996
156,Brooke,Bulpitt,bbulpitt4b@google.pl,Female,02/04/1962
157,Kristien,Kobus,kkobus4c@economist.com,Female,24/11/1965
158,Neron,Blackburn,nblackburn4d@google.nl,Male,29/08/1951
159,Susanna,Le Brum,slebrum4e@forbes.com,Female,21/12/1972
160,Osbourne,Coysh,ocoysh4f@scientificamerican.com,Male,15/01/1958
161,Ibby,Edgworth,iedgworth4g@imgur.com,Female,14/01/1961
162,Lynette,Vaudin,lvaudin4h@umn.edu,Female,12/11/1996
163,Arleta,Hender,ahender4i@huffingtonpost.com,Female,02/12/1950
164,Kirbee,McCormack,kmccormack4j@businessinsider.com,Female,13/06/1996
165,Blair,Laydel,blaydel4k@myspace.com,Female,24/03/1947
166,Jefferey,Manifold,jmanifold4l@ted.com,Male,09/12/1986
167,Ingemar,McKinnon,imckinnon4m@admin.ch,Male,25/02/1973
168,Brenda,Pearch,bpearch4n@reference.com,Female,23/07/1969
169,Clevey,Widdop,cwiddop4o@arizona.edu,Male,01/04/1945
170,Moises,Middas,mmiddas4p@twitter.com,Male,21/03/1978
171,Darice,Pietruschka,dpietruschka4q@hao123.com,Female,27/02/1963
172,Irene,Pendlenton,ipendlenton4r@comcast.net,Female,15/08/1946
173,Tailor,McCooke,tmccooke4s@histats.com,Male,27/07/1966
174,Lauree,Iacabucci,liacabucci4t@instagram.com,Female,12/10/1949
175,Sibyl,Noone,snoone4u@google.ru,Male,02/07/1994
176,Melisenda,Ridgway,mridgway4v@360.cn,Female,05/01/1942
177,Alec,Ree,aree4w@huffingtonpost.com,Male,15/05/1947
178,Bethina,Boldero,bboldero4x@baidu.com,Female,05/12/1994
179,Welsh,Yglesia,wyglesia4y@hao123.com,Male,09/08/1964
180,Clarine,D'Ambrosi,cdambrosi4z@comcast.net,Female,19/11/1961
181,Sally,Riseborough,sriseborough50@fc2.com,Female,07/07/1946
182,Adele,McGing,amcging51@stumbleupon.com,Female,01/05/1943
183,Natasha,Danbury,ndanbury52@woothemes.com,Female,16/07/1978
184,Jessa,Borsnall,jborsnall53@weather.com,Female,30/06/1947
185,Cele,Eger,ceger54@japanpost.jp,Female,28/04/1992
186,Sunny,Burney,sburney55@umich.edu,Female,05/10/1942
187,Eliza,Lanigan,elanigan56@github.com,Female,26/12/1966
188,Dniren,Bryns,dbryns57@diigo.com,Female,21/10/1958
189,Frances,Seedhouse,fseedhouse58@g.co,Female,04/08/1987
190,Rodie,Fust,rfust59@utexas.edu,Female,17/01/1989
191,Tobin,Farey,tfarey5a@i2i.jp,Male,13/11/1950
192,Jefferey,Dellenbrook,jdellenbrook5b@scientificamerican.com,Male,22/11/1973
193,Morty,Birkett,mbirkett5c@skype.com,Male,28/01/1976
194,Alonso,Martusewicz,amartusewicz5d@ucla.edu,Male,04/06/1999
195,Martin,Barfoot,mbarfoot5e@nsw.gov.au,Male,27/06/1941
196,Harper,Simko,hsimko5f@prlog.org,Male,09/02/1954
197,Beaufort,Lear,blear5g@cargocollective.com,Male,05/06/1998
198,Flore,Bartolic,fbartolic5h@goodreads.com,Female,04/12/1947
199,Aksel,Cornuau,acornuau5i@gmpg.org,Male,01/02/1942
200,Andrea,Lerwill,alerwill5j@skype.com,Female,21/09/1977
201,Hadley,Dwelly,hdwelly5k@seattletimes.com,Male,28/07/1961
202,Teodoor,Andreu,tandreu5l@usgs.gov,Male,20/05/1959
203,Thomasine,Petyankin,tpetyankin5m@facebook.com,Female,14/02/1975
204,Christel,Crumby,ccrumby5n@bigcartel.com,Female,31/05/1982
205,Gerick,Davey,gdavey5o@photobucket.com,Male,16/04/1991
206,Ellissa,Dunks,edunks5p@studiopress.com,Female,31/03/1943
207,Eldredge,Pallent,epallent5q@pbs.org,Male,22/06/1978
208,Griffy,Graysmark,ggraysmark5r@instagram.com,Male,20/12/1955
209,Rodge,Brann,rbrann5s@dell.com,Male,13/09/1988
210,Benyamin,Hutchcraft,bhutchcraft5t@studiopress.com,Male,20/07/1965
211,Garold,MacRirie,gmacririe5u@tumblr.com,Male,23/01/1960
212,Dennet,Creenan,dcreenan5v@barnesandnoble.com,Male,03/03/1996
213,Tally,Bettenay,tbettenay5w@salon.com,Female,23/04/1987
214,Mabelle,Mulliss,mmulliss5x@mail.ru,Female,29/12/1967
215,Sim,Banasik,sbanasik5y@de.vu,Male,05/04/1991
216,Glynda,Voss,gvoss5z@prlog.org,Female,03/04/1942
217,Charita,Brigman,cbrigman60@qq.com,Female,17/08/1996
218,Myca,Brech,mbrech61@soundcloud.com,Male,25/01/1958
219,Nadya,Jest,njest62@uol.com.br,Female,16/12/1982
220,Francene,Upston,fupston63@github.io,Female,03/01/1994
221,Sheelagh,Nucci,snucci64@marriott.com,Female,14/09/1973
222,Ardath,Pailin,apailin65@technorati.com,Female,26/12/1981
223,Edy,Delacroix,edelacroix66@jalbum.net,Female,18/09/1959
224,Con,Dowding,cdowding67@scientificamerican.com,Male,22/12/1944
225,Johna,Stronge,jstronge68@chron.com,Female,07/09/1997
226,Averill,Rubinowitz,arubinowitz69@yellowpages.com,Male,04/09/1991
227,Lindsay,Cestard,lcestard6a@github.com,Male,19/10/1964
228,Denney,Jayume,djayume6b@creativecommons.org,Male,10/04/1977
229,Alicea,Pedel,apedel6c@wordpress.org,Female,05/12/1952
230,Rickie,Dunn,rdunn6d@google.ru,Female,07/11/1943
231,Crista,Tranckle,ctranckle6e@flavors.me,Female,28/07/1958
232,Kellsie,King,kking6f@dell.com,Female,25/09/1973
233,Anton,Morin,amorin6g@tmall.com,Male,11/05/1962
234,Cornall,McLarnon,cmclarnon6h@scribd.com,Male,05/06/1979
235,Aggy,Burchell,aburchell6i@constantcontact.com,Female,29/09/1981
236,Vittorio,Nolleth,vnolleth6j@biblegateway.com,Male,11/08/1997
237,Carmina,Peek,cpeek6k@ftc.gov,Female,07/04/1963
238,Krystal,Matkin,kmatkin6l@theglobeandmail.com,Female,05/09/1946
239,Zack,Glasscott,zglasscott6m@blogtalkradio.com,Male,08/10/1955
240,Erik,Panchin,epanchin6n@hc360.com,Male,14/03/1963
241,Leora,Barrable,lbarrable6o@reuters.com,Female,06/11/1953
242,Shanta,Paice,spaice6p@squidoo.com,Female,25/08/1951
243,Arny,Lailey,alailey6q@house.gov,Male,07/01/1950
244,Omero,Lethebridge,olethebridge6r@youku.com,Male,29/06/1968
245,Arri,Greensite,agreensite6s@shop-pro.jp,Male,30/04/1978
246,Doris,Wreight,dwreight6t@soundcloud.com,Female,22/02/1980
247,Stephie,Ocheltree,socheltree6u@w3.org,Female,19/07/1995
248,Krysta,Labuschagne,klabuschagne6v@linkedin.com,Female,17/09/1988
249,Rafaelita,Lankester,rlankester6w@indiatimes.com,Female,12/06/1952
250,Gerhard,Lace,glace6x@delicious.com,Male,08/12/1982
251,Arne,Gergolet,agergolet6y@nasa.gov,Male,31/12/1947
252,Aharon,Mc Ilory,amcilory6z@washingtonpost.com,Male,11/03/1995
253,Mortie,Veschambre,mveschambre70@taobao.com,Male,07/09/1992
254,Rafaela,Dowe,rdowe71@hibu.com,Female,30/07/1959
255,Cobby,Kantor,ckantor72@posterous.com,Male,21/06/1949
256,Kurt,Fattorini,kfattorini73@ameblo.jp,Male,19/11/1950
257,Trumaine,Carryer,tcarryer74@cocolog-nifty.com,Male,21/06/1953
258,Lizzy,McArd,lmcard75@independent.co.uk,Female,19/04/1988
259,Etty,Uzelli,euzelli76@nhs.uk,Female,20/08/1990
260,Stephenie,Garms,sgarms77@psu.edu,Female,01/02/1953
261,Kristyn,Schult,kschult78@nature.com,Female,13/06/1957
262,Ilise,Pavkovic,ipavkovic79@nba.com,Female,02/04/1942
263,Hewie,Malter,hmalter7a@hibu.com,Male,13/04/1995
264,Eloise,Dyott,edyott7b@engadget.com,Female,22/07/1961
265,Darla,Carnilian,dcarnilian7c@reverbnation.com,Female,03/04/1955
266,Averell,Batchelour,abatchelour7d@jimdo.com,Male,21/04/1955
267,Kelvin,Dingate,kdingate7e@delicious.com,Male,22/03/1980
268,Michale,Demangeot,mdemangeot7f@amazon.co.uk,Male,07/05/1988
269,Linoel,Mendus,lmendus7g@blogs.com,Male,24/03/1951
270,Standford,Carde,scarde7h@stanford.edu,Male,26/09/1946
271,Lanette,Osan,losan7i@gmpg.org,Female,15/06/1972
272,Zsa zsa,Birchill,zbirchill7j@auda.org.au,Female,11/01/1981
273,Gerry,Vain,gvain7k@goo.ne.jp,Male,16/10/1999
274,Eustace,Parnaby,eparnaby7l@vkontakte.ru,Male,31/10/1988
275,Anthe,Parnby,aparnby7m@harvard.edu,Female,04/07/1947
276,Bee,Corry,bcorry7n@wikimedia.org,Female,03/07/1978
277,Priscella,De Carolis,pdecarolis7o@cyberchimps.com,Female,27/02/1967
278,Gates,Lavington,glavington7p@jalbum.net,Female,18/12/1979
279,Darius,Sheryn,dsheryn7q@cloudflare.com,Male,24/05/1970
280,Coreen,Backsal,cbacksal7r@biglobe.ne.jp,Female,07/02/1965
281,Hulda,Heyball,hheyball7s@slate.com,Female,26/03/1947
282,Rosalind,Lease,rlease7t@blinklist.com,Female,21/11/1993
283,Carmina,Gundry,cgundry7u@free.fr,Female,01/04/1969
284,Lonna,Pankethman,lpankethman7v@imdb.com,Female,09/06/1981
285,Leese,Boxer,lboxer7w@themeforest.net,Female,26/12/1996
286,Herb,Abramovici,habramovici7x@telegraph.co.uk,Male,14/10/1983
287,Nadiya,Sturr,nsturr7y@unc.edu,Female,17/07/1958
288,Jake,Etherson,jetherson7z@yellowpages.com,Male,14/05/1972
289,Marsiella,Pedrick,mpedrick80@hubpages.com,Female,20/10/1948
290,Riley,Siemianowicz,rsiemianowicz81@drupal.org,Male,29/05/1953
291,Luce,Dowbiggin,ldowbiggin82@indiatimes.com,Male,24/03/1943
292,Alvinia,Phillott,aphillott83@yandex.ru,Female,08/11/1982
293,Hannie,Ozanne,hozanne84@buzzfeed.com,Female,22/01/1943
294,Theressa,Haysom,thaysom85@constantcontact.com,Female,17/07/1995
295,Brynna,Shepeard,bshepeard86@sogou.com,Female,12/10/1982
296,Rudolf,Ryce,rryce87@joomla.org,Male,16/10/1991
297,Jenny,Tutchings,jtutchings88@slideshare.net,Female,13/01/1964
298,Wilow,Cirlos,wcirlos89@tmall.com,Female,17/06/1981
299,Suzi,Kenewel,skenewel8a@hhs.gov,Female,27/06/1981
300,Dalila,Hosier,dhosier8b@senate.gov,Female,10/01/1999
301,Kristine,Haddeston,khaddeston8c@sogou.com,Female,26/07/1958
302,Borg,Barkas,bbarkas8d@squarespace.com,Male,09/01/1978
303,Sonny,Raimbauld,sraimbauld8e@taobao.com,Female,26/03/1997
304,Maximo,Rabl,mrabl8f@go.com,Male,23/03/1945
305,Chancey,Pley,cpley8g@cmu.edu,Male,27/11/1946
306,Nariko,Bogges,nbogges8h@jugem.jp,Female,27/05/1995
307,Tucker,Spurret,tspurret8i@twitpic.com,Male,26/12/1992
308,Orren,Baumann,obaumann8j@earthlink.net,Male,21/03/1990
309,Zane,Tinner,ztinner8k@diigo.com,Male,16/01/1959
310,Agnesse,Hansberry,ahansberry8l@dell.com,Female,13/08/1979
311,Dew,Lademann,dlademann8m@behance.net,Male,11/01/1988
312,Field,Mousley,fmousley8n@wired.com,Male,23/12/1961
313,Luise,Gyorffy,lgyorffy8o@yahoo.com,Female,16/07/1951
314,Jard,Taunton.,jtaunton8p@digg.com,Male,17/01/1978
315,Tiena,MacNamee,tmacnamee8q@ebay.co.uk,Female,25/09/1948
316,Cammi,Penberthy,cpenberthy8r@hud.gov,Female,23/05/1952
317,Mathilda,Wittering,mwittering8s@skyrock.com,Female,09/10/1986
318,Dianna,Kernes,dkernes8t@state.gov,Female,13/02/1953
319,Elle,Bisco,ebisco8u@flickr.com,Female,11/06/1959
320,Earle,Kopp,ekopp8v@behance.net,Male,27/09/1942
321,Berty,Drover,bdrover8w@craigslist.org,Male,07/09/1977
322,Scarface,Kedie,skedie8x@nhs.uk,Male,14/05/1985
323,Dan,Foxworthy,dfoxworthy8y@symantec.com,Male,08/12/1992
324,Jammal,Smallcombe,jsmallcombe8z@abc.net.au,Male,18/01/1974
325,Sean,Billion,sbillion90@youtu.be,Male,29/08/1971
326,Van,Pleass,vpleass91@whitehouse.gov,Male,09/08/1958
327,Nicolas,Stoney,nstoney92@homestead.com,Male,14/12/1963
328,Lanie,Gajewski,lgajewski93@eepurl.com,Female,27/10/1967
329,Francyne,Itzkovwitch,fitzkovwitch94@google.co.uk,Female,06/01/1958
330,Agnese,Blanning,ablanning95@springer.com,Female,27/10/1984
331,Berky,Lumsdale,blumsdale96@bizjournals.com,Male,22/06/1971
332,Ode,Ambroix,oambroix97@tinyurl.com,Male,26/07/1991
333,Larina,Corkish,lcorkish98@shinystat.com,Female,18/12/1987
334,Nevsa,Heditch,nheditch99@tinypic.com,Female,09/12/1990
335,Tanny,Atwel,tatwel9a@marketwatch.com,Male,24/05/1942
336,Con,Bartoszek,cbartoszek9b@4shared.com,Male,03/07/1954
337,Junia,Manton,jmanton9c@statcounter.com,Female,23/04/1965
338,Corby,Hurring,churring9d@boston.com,Male,16/06/1958
339,Vera,Fantonetti,vfantonetti9e@biglobe.ne.jp,Female,17/12/1953
340,Sheilakathryn,Joseph,sjoseph9f@examiner.com,Female,11/03/1954
341,Darla,Friese,dfriese9g@wiley.com,Female,14/06/1973
342,Ludvig,Hallows,lhallows9h@kickstarter.com,Male,21/12/1957
343,Kim,Woodhall,kwoodhall9i@theguardian.com,Male,18/10/1995
344,Aland,Streeting,astreeting9j@theguardian.com,Male,12/01/1953
345,Erhard,Desaur,edesaur9k@reuters.com,Male,26/11/1975
346,Tasia,Yurivtsev,tyurivtsev9l@trellian.com,Female,26/09/1991
347,Sadella,Varnes,svarnes9m@xinhuanet.com,Female,19/08/1998
348,Charil,Beretta,cberetta9n@rediff.com,Female,18/06/1940
349,Nero,Owenson,nowenson9o@networksolutions.com,Male,15/06/1959
350,Burg,Beste,bbeste9p@ucoz.com,Male,17/08/1997
351,Klara,Botton,kbotton9q@nbcnews.com,Female,20/07/1991
352,Adolph,Bonevant,abonevant9r@hp.com,Male,20/07/1946
353,Mortimer,Caberas,mcaberas9s@slideshare.net,Male,09/03/1953
354,Karlan,Hawkswood,khawkswood9t@vk.com,Male,21/07/1941
355,Dennie,Edmead,dedmead9u@archive.org,Female,07/02/1987
356,Land,Alcide,lalcide9v@storify.com,Male,12/10/1979
357,Garret,Critten,gcritten9w@clickbank.net,Male,03/08/1964
358,Selby,Ledekker,sledekker9x@deviantart.com,Male,07/06/1957
359,Tildi,Tesauro,ttesauro9y@cafepress.com,Female,10/07/1954
360,Henri,Whyke,hwhyke9z@latimes.com,Male,22/03/1983
361,Madel,Huckerby,mhuckerbya0@sakura.ne.jp,Female,25/04/1964
362,Karlens,Penelli,kpenellia1@msn.com,Male,14/04/1979
363,Dixie,Mungane,dmunganea2@accuweather.com,Female,04/11/1961
364,Artus,Marrow,amarrowa3@gravatar.com,Male,09/12/1989
365,Ardisj,Gonning,agonninga4@webnode.com,Female,05/12/1940
366,Herbie,Huggett,hhuggetta5@ehow.com,Male,03/05/1990
367,Bernard,Kingston,bkingstona6@unc.edu,Male,28/07/1951
368,Roderigo,Darko,rdarkoa7@godaddy.com,Male,15/10/1970
369,Madge,Tregonna,mtregonnaa8@cnn.com,Female,16/06/1941
370,Dar,Bassil,dbassila9@sphinn.com,Male,05/11/1948
371,Pollyanna,Matschuk,pmatschukaa@icio.us,Female,24/11/1949
372,Jillie,Stanyer,jstanyerab@time.com,Female,06/11/1987
373,Jarvis,Donet,jdonetac@answers.com,Male,23/08/1968
374,Lon,Mc Combe,lmccombead@china.com.cn,Male,29/08/1988
375,Hyacinthie,Matushevitz,hmatushevitzae@tinypic.com,Female,21/08/1995
376,Nanni,Timmens,ntimmensaf@opensource.org,Female,16/06/1993
377,Leonelle,Baddeley,lbaddeleyag@wp.com,Female,06/12/1970
378,Kari,Rollin,krollinah@freewebs.com,Female,20/12/1951
379,Ernaline,Barizeret,ebarizeretai@ocn.ne.jp,Female,06/01/1960
380,Monika,Campbell,mcampbellaj@amazon.de,Female,12/05/1957
381,Craig,Jeavons,cjeavonsak@unesco.org,Male,18/10/1991
382,Tanya,Warrener,twarreneral@cdbaby.com,Female,30/05/1949
383,Rand,Cliburn,rcliburnam@uiuc.edu,Male,01/03/1980
384,Bondie,Lawtie,blawtiean@amazon.de,Male,14/10/1982
385,Rochelle,Newham,rnewhamao@usda.gov,Female,22/01/1987
386,Edie,McColl,emccollap@live.com,Female,20/11/1969
387,Jareb,Fink,jfinkaq@addtoany.com,Male,14/05/1979
388,Davidson,Kyncl,dkynclar@techcrunch.com,Male,14/02/1961
389,Candie,Peltzer,cpeltzeras@ovh.net,Female,27/07/1940
390,Robbie,Leggs,rleggsat@ebay.com,Male,26/11/1968
391,Patsy,Banck,pbanckau@sourceforge.net,Female,16/07/1948
392,Bay,Zellmer,bzellmerav@ebay.co.uk,Male,24/04/1999
393,Madeline,Lowdwell,mlowdwellaw@istockphoto.com,Female,07/04/1955
394,Roselia,Heinssen,rheinssenax@geocities.com,Female,12/10/1979
395,Bartie,Mineghelli,bmineghelliay@ebay.co.uk,Male,29/11/1963
396,Garland,Rodda,groddaaz@themeforest.net,Female,14/03/1997
397,Alistair,Collacombe,acollacombeb0@bravesites.com,Male,18/06/1984
398,Yuri,Font,yfontb1@acquirethisname.com,Male,23/03/1973
399,Merissa,Duckerin,mduckerinb2@biblegateway.com,Female,08/07/1979
400,Katya,Ridewood,kridewoodb3@hubpages.com,Female,13/01/1957
401,Haily,Copson,hcopsonb4@comcast.net,Male,13/03/1968
402,Glynnis,Nodes,gnodesb5@de.vu,Female,18/06/1978
403,Griswold,Nestle,gnestleb6@google.de,Male,16/05/1952
404,Matthus,Macci,mmaccib7@ezinearticles.com,Male,26/06/1942
405,Lancelot,Payn,lpaynb8@spiegel.de,Male,27/09/1976
406,Abdul,Zink,azinkb9@goodreads.com,Male,23/03/1959
407,Marketa,Paolacci,mpaolacciba@technorati.com,Female,29/03/1979
408,Mufi,Alexis,malexisbb@blinklist.com,Female,07/04/1952
409,Peter,Parcell,pparcellbc@4shared.com,Male,12/10/1979
410,Giovanni,Delieu,gdelieubd@ft.com,Male,05/06/1948
411,Mitzi,Hanbury-Brown,mhanburybrownbe@barnesandnoble.com,Female,04/09/1968
412,Ollie,Picheford,opichefordbf@cargocollective.com,Female,05/09/1951
413,Vlad,Ainsley,vainsleybg@gov.uk,Male,12/05/1947
414,Elysee,Ridout,eridoutbh@reference.com,Female,13/03/1995
415,Gauthier,Feveryear,gfeveryearbi@usatoday.com,Male,28/03/1995
416,Rory,Tesdale,rtesdalebj@examiner.com,Female,24/06/1960
417,Onfroi,Chalcot,ochalcotbk@discovery.com,Male,06/03/1944
418,Marysa,Cejka,mcejkabl@independent.co.uk,Female,15/01/1950
419,Fawne,Kuhl,fkuhlbm@scribd.com,Female,11/08/1953
420,Hodge,Treen,htreenbn@nih.gov,Male,31/07/1964
421,Odie,Paramor,oparamorbo@prweb.com,Male,03/02/1974
422,Erny,Fussie,efussiebp@baidu.com,Male,25/10/1942
423,Janenna,Lipgens,jlipgensbq@odnoklassniki.ru,Female,04/12/1941
424,Caleb,Marshallsay,cmarshallsaybr@studiopress.com,Male,21/11/1954
425,Chance,Jowle,cjowlebs@skype.com,Male,11/10/1945
426,Cyb,Mapston,cmapstonbt@surveymonkey.com,Female,15/08/1965
427,Kitti,Gregori,kgregoribu@google.it,Female,20/04/1995
428,Terra,Lambol,tlambolbv@thetimes.co.uk,Female,06/02/1965
429,Stacee,Crips,scripsbw@google.ca,Female,19/01/1947
430,Stacy,Oller,sollerbx@list-manage.com,Male,30/11/1972
431,Pollyanna,Kinsella,pkinsellaby@pinterest.com,Female,24/05/1981
432,Belle,Matterdace,bmatterdacebz@typepad.com,Female,31/07/1958
433,Antonella,Lerer,alererc0@infoseek.co.jp,Female,28/01/1985
434,Dur,St. Pierre,dstpierrec1@cnbc.com,Male,21/02/1983
435,Carlota,Chiles,cchilesc2@google.ca,Female,31/07/1991
436,Ernesto,Dibbin,edibbinc3@sun.com,Male,02/11/1953
437,Fowler,Welband,fwelbandc4@diigo.com,Male,07/08/1954
438,Raphaela,Jakoviljevic,rjakoviljevicc5@census.gov,Female,04/04/1993
439,Katya,Arthy,karthyc6@about.com,Female,21/05/1966
440,Myrle,Mayhead,mmayheadc7@dailymotion.com,Female,11/12/1965
441,Sheff,Crummay,scrummayc8@vk.com,Male,10/01/1988
442,Reeva,Hischke,rhischkec9@wiley.com,Female,04/05/1941
443,Wallis,De Maria,wdemariaca@istockphoto.com,Male,04/08/1979
444,Sibyl,Stickins,sstickinscb@plala.or.jp,Male,12/02/1999
445,Rora,Kiellor,rkiellorcc@prlog.org,Female,03/09/1987
446,Nicolais,Tunnow,ntunnowcd@1688.com,Male,09/11/1980
447,Jeremias,Roskelley,jroskelleyce@slate.com,Male,18/09/1991
448,Gardiner,McGilben,gmcgilbencf@oaic.gov.au,Male,12/06/1962
449,Leia,Cassar,lcassarcg@gizmodo.com,Female,02/06/1956
450,Sharona,Simeoni,ssimeonich@narod.ru,Female,11/09/1998
451,Pattie,Cesaric,pcesaricci@sina.com.cn,Male,24/12/1982
452,Wald,Lindley,wlindleycj@cornell.edu,Male,22/03/1987
453,Cloris,Stickland,csticklandck@army.mil,Female,02/12/1946
454,Paxon,Casarini,pcasarinicl@princeton.edu,Male,27/01/1942
455,Donella,Kimm,dkimmcm@creativecommons.org,Female,07/07/1993
456,Oriana,Swabey,oswabeycn@t.co,Female,19/04/1952
457,Kissie,Madsen,kmadsenco@businessinsider.com,Female,26/05/1985
458,Artemus,Hannant,ahannantcp@delicious.com,Male,09/01/1984
459,Glenn,Santry,gsantrycq@phpbb.com,Female,04/08/1940
460,Leo,Fieldgate,lfieldgatecr@sbwire.com,Male,06/11/1965
461,Ryon,Northway,rnorthwaycs@cnet.com,Male,09/09/1968
462,Aloisia,Swyndley,aswyndleyct@booking.com,Female,09/04/1982
463,Brittan,Moynham,bmoynhamcu@hao123.com,Female,06/01/1998
464,Shannon,Luparto,slupartocv@sourceforge.net,Male,03/02/1945
465,Bearnard,Couser,bcousercw@jigsy.com,Male,31/08/1978
466,Lilyan,Auld,lauldcx@reuters.com,Female,06/01/1959
467,Gwendolin,Sims,gsimscy@mediafire.com,Female,15/12/1975
468,Violette,Brumham,vbrumhamcz@chronoengine.com,Female,19/06/1989
469,Marjy,Farnworth,mfarnworthd0@nba.com,Female,21/10/1943
470,Gussi,Haggata,ghaggatad1@ovh.net,Female,01/12/1971
471,Haley,Licciardi,hlicciardid2@1und1.de,Female,15/02/1989
472,Chantal,Tallquist,ctallquistd3@bravesites.com,Female,11/09/1950
473,Addison,Visick,avisickd4@gnu.org,Male,03/01/1992
474,Kelsy,Bakesef,kbakesefd5@cloudflare.com,Female,29/09/1944
475,Dud,O'Hartagan,dohartagand6@example.com,Male,01/12/1993
476,Zeb,Hellmer,zhellmerd7@cnbc.com,Male,15/01/1976
477,Sheba,MacKimmie,smackimmied8@sina.com.cn,Female,21/04/1994
478,Wallie,Umbert,wumbertd9@tuttocitta.it,Male,27/05/1992
479,Lionello,Dearsley,ldearsleyda@ox.ac.uk,Male,05/08/1961
480,Melania,Charopen,mcharopendb@yale.edu,Female,16/09/1995
481,Albrecht,Blondelle,ablondelledc@odnoklassniki.ru,Male,03/02/1966
482,Berny,Cranson,bcransondd@yale.edu,Male,09/09/1989
483,Nathalie,Vasilmanov,nvasilmanovde@phoca.cz,Female,24/02/1997
484,Damon,Suttaby,dsuttabydf@elegantthemes.com,Male,11/09/1955
485,Jonie,Postans,jpostansdg@xinhuanet.com,Female,16/10/1962
486,Levy,Braybrook,lbraybrookdh@surveymonkey.com,Male,15/10/1977
487,Sharron,Weeden,sweedendi@infoseek.co.jp,Female,02/08/1974
488,Sterne,Persse,sperssedj@prnewswire.com,Male,29/10/1981
489,Minne,Inott,minottdk@bloglines.com,Female,02/02/1957
490,Alyssa,Spiaggia,aspiaggiadl@wiley.com,Female,05/09/1948
491,Temple,Sammonds,tsammondsdm@irs.gov,Male,30/09/1940
492,Norton,Bedford,nbedforddn@statcounter.com,Male,04/12/1978
493,Cherie,Poure,cpouredo@shop-pro.jp,Female,27/10/1941
494,Duff,Filipczynski,dfilipczynskidp@microsoft.com,Male,18/10/1944
495,Colly,Brimmacombe,cbrimmacombedq@smh.com.au,Female,25/11/1982
496,Isabella,Filkov,ifilkovdr@squidoo.com,Female,10/06/1959
497,Bell,Willox,bwilloxds@miitbeian.gov.cn,Female,27/09/1944
498,Gabbie,Bohlens,gbohlensdt@blog.com,Male,13/02/1970
499,Patrick,Dobbins,pdobbinsdu@businesswire.com,Male,25/01/1987
500,Brynna,Cabera,bcaberadv@netlog.com,Female,08/02/1991
501,Kira,Hearnaman,khearnamandw@reddit.com,Female,10/06/1967
502,Salomo,Costanza,scostanzadx@google.com.au,Male,20/10/1982
503,Auberta,Konke,akonkedy@mac.com,Female,29/05/1985
504,Winnah,Venner,wvennerdz@ning.com,Female,27/10/1985
505,Rudolf,Walbridge,rwalbridgee0@nhs.uk,Male,28/05/1998
506,Olenolin,Hawtry,ohawtrye1@earthlink.net,Male,14/02/1965
507,Hewe,Ginger,hgingere2@yale.edu,Male,26/01/1998
508,Ivie,Dict,idicte3@jugem.jp,Female,18/11/1941
509,Arleta,Spitaro,aspitaroe4@sbwire.com,Female,16/02/1965
510,Doy,Tanzig,dtanzige5@newsvine.com,Male,15/01/1981
511,Sascha,Nevins,snevinse6@taobao.com,Female,11/02/1998
512,Abra,Parmley,aparmleye7@quantcast.com,Female,26/05/1988
513,Gare,Westbrook,gwestbrooke8@imageshack.us,Male,07/02/1972
514,Lea,Rowe,lrowee9@ning.com,Female,19/07/1977
515,Morgun,Whittall,mwhittallea@bing.com,Male,25/02/1982
516,Brand,Yeell,byeelleb@opensource.org,Male,29/01/1977
517,Darius,Bartod,dbartodec@webeden.co.uk,Male,08/01/1960
518,Farlie,Guion,fguioned@youtube.com,Male,15/05/1968
519,Nichols,Rivaland,nrivalandee@europa.eu,Male,13/09/1945
520,Emerson,O'Gleasane,eogleasaneef@jalbum.net,Male,12/12/1980
521,Desdemona,Ganiford,dganifordeg@slashdot.org,Female,15/01/1979
522,Astrix,Trubshaw,atrubshaweh@hugedomains.com,Female,05/02/1943
523,Lurleen,Rumney,lrumneyei@slashdot.org,Female,03/10/1988
524,Darrick,Gajewski,dgajewskiej@creativecommons.org,Male,30/12/1975
525,Elita,Tilson,etilsonek@mashable.com,Female,20/11/1956
526,Carlie,Dunniom,cdunniomel@liveinternet.ru,Female,29/01/1981
527,Alanson,Preece,apreeceem@umich.edu,Male,25/02/1946
528,Rurik,Calveley,rcalveleyen@unblog.fr,Male,03/01/1940
529,Henderson,MacGowing,hmacgowingeo@senate.gov,Male,17/12/1986
530,Clarisse,Hopkyns,chopkynsep@nba.com,Female,12/08/1995
531,Paulita,Proudlove,pproudloveeq@topsy.com,Female,17/04/1976
532,Jock,Douce,jdouceer@patch.com,Male,04/02/1970
533,Jobie,Softley,jsoftleyes@businessinsider.com,Female,31/08/1942
534,Felice,Elmes,felmeset@digg.com,Female,06/05/1946
535,Minor,Linder,mlindereu@dailymail.co.uk,Male,21/05/1984
536,Tyrone,Commander,tcommanderev@ocn.ne.jp,Male,16/09/1998
537,Gar,Dahlman,gdahlmanew@sakura.ne.jp,Male,25/07/1989
538,Marigold,Merioth,mmeriothex@psu.edu,Female,13/01/1967
539,Sabina,Ruffler,srufflerey@flavors.me,Female,14/01/1967
540,Filippa,Orrum,forrumez@dyndns.org,Female,23/02/1980
541,Ulric,Moncrieffe,umoncrieffef0@nymag.com,Male,02/02/1976
542,Lawton,Beadon,lbeadonf1@prlog.org,Male,03/08/1968
543,Izzy,Clunie,iclunief2@reverbnation.com,Male,30/11/1951
544,Don,Kensit,dkensitf3@cafepress.com,Male,13/02/1985
545,Edithe,Winslett,ewinslettf4@list-manage.com,Female,27/05/1961
546,Jewell,Doniso,jdonisof5@msu.edu,Female,23/11/1949
547,Thorn,Capinetti,tcapinettif6@soup.io,Male,03/01/1944
548,Ced,Strettle,cstrettlef7@opensource.org,Male,26/04/1971
549,Timothea,Graveston,tgravestonf8@tmall.com,Female,10/05/1957
550,Noelle,Truggian,ntruggianf9@weather.com,Female,14/12/1989
551,Allan,Callen,acallenfa@google.de,Male,29/07/1968
552,Rudd,Schnitter,rschnitterfb@cyberchimps.com,Male,17/11/1997
553,Emmy,Roskilly,eroskillyfc@vk.com,Male,04/07/1952
554,Vernor,Agget,vaggetfd@cdbaby.com,Male,30/06/1942
555,Ewen,Barkshire,ebarkshirefe@answers.com,Male,02/03/1959
556,Carmel,McCome,cmccomeff@cyberchimps.com,Female,29/02/1940
557,Izzy,Bigley,ibigleyfg@sourceforge.net,Male,11/04/1997
558,Eustace,Pimme,epimmefh@army.mil,Male,15/02/1978
559,Piggy,Witham,pwithamfi@reverbnation.com,Male,06/02/1979
560,Freddi,Ianson,fiansonfj@msn.com,Female,23/12/1953
561,Elianora,Stoffel,estoffelfk@noaa.gov,Female,16/12/1998
562,Travis,Consadine,tconsadinefl@histats.com,Male,18/11/1961
563,Enrica,Hackney,ehackneyfm@privacy.gov.au,Female,26/10/1964
564,Ines,Brent,ibrentfn@timesonline.co.uk,Female,27/04/1974
565,Jerry,Hartwright,jhartwrightfo@answers.com,Female,08/04/1985
566,Kelley,Cromack,kcromackfp@wordpress.org,Female,04/07/1975
567,Asher,Watting,awattingfq@mit.edu,Male,25/03/1982
568,Grove,Enderle,genderlefr@xinhuanet.com,Male,31/03/1951
569,Kimmy,Riggoll,kriggollfs@cafepress.com,Female,07/04/1984
570,Gratia,Kynsey,gkynseyft@bigcartel.com,Female,22/02/1985
571,Gary,Tyrone,gtyronefu@aboutads.info,Male,05/06/1982
572,Meade,Amber,mamberfv@dot.gov,Female,08/06/1972
573,Madella,Maybury,mmayburyfw@friendfeed.com,Female,25/11/1972
574,Nathanial,Ick,nickfx@ted.com,Male,03/08/1991
575,Amargo,Como,acomofy@mayoclinic.com,Female,21/03/1969
576,Jacques,Ricarde,jricardefz@a8.net,Male,05/02/1965
577,Rosabel,Gooderick,rgooderickg0@umich.edu,Female,24/04/1941
578,Dniren,Chippindale,dchippindaleg1@comsenz.com,Female,05/06/1982
579,Kendall,Harrow,kharrowg2@apple.com,Male,26/02/1988
580,Hadlee,Davall,hdavallg3@wikia.com,Male,21/10/1978
581,Law,Beahan,lbeahang4@bigcartel.com,Male,29/07/1947
582,Sybilla,Elsom,selsomg5@fema.gov,Female,22/05/1963
583,Bertrando,Bendel,bbendelg6@mediafire.com,Male,14/09/1996
584,Murielle,Blazevic,mblazevicg7@hexun.com,Female,02/04/1951
585,Abraham,Ivankin,aivanking8@pen.io,Male,12/06/1965
586,Massimiliano,Kira,mkirag9@nymag.com,Male,29/10/1961
587,Barnard,Palmer,bpalmerga@amazonaws.com,Male,06/04/1965
588,Christyna,Robjents,crobjentsgb@ihg.com,Female,23/12/1979
589,Derrek,Rignall,drignallgc@nba.com,Male,23/11/1961
590,Ignacio,Mant,imantgd@free.fr,Male,16/03/1967
591,Gabby,Prangnell,gprangnellge@techcrunch.com,Male,31/12/1971
592,Babette,Eborall,beborallgf@uol.com.br,Female,01/09/1992
593,Gavin,Braxton,gbraxtongg@illinois.edu,Male,07/10/1997
594,Ransell,Discombe,rdiscombegh@oakley.com,Male,11/11/1945
595,Chancey,Matzel,cmatzelgi@youku.com,Male,10/12/1955
596,Gilberto,Gussin,ggussingj@com.com,Male,02/07/1968
597,Amble,Probey,aprobeygk@va.gov,Male,21/11/1948
598,Abby,Peniman,apenimangl@liveinternet.ru,Female,10/10/1968
599,Claude,Arlow,carlowgm@networkadvertising.org,Female,21/11/1958
600,Conchita,MacCaull,cmaccaullgn@ucla.edu,Female,13/05/1942
601,Marabel,Paule,mpaulego@newyorker.com,Female,21/02/1991
602,Collin,Osburn,cosburngp@google.de,Male,16/08/1976
603,Kayle,Paffett,kpaffettgq@homestead.com,Female,01/01/1962
604,Nathaniel,Surmon,nsurmongr@ft.com,Male,22/10/1952
605,Ardeen,Tappin,atappings@dropbox.com,Female,18/11/1994
606,Allie,Tomaskunas,atomaskunasgt@pen.io,Female,04/07/1977
607,Say,Bickerdyke,sbickerdykegu@storify.com,Male,18/08/1985
608,Wes,Meriguet,wmeriguetgv@paginegialle.it,Male,15/07/1954
609,Kiley,Leavesley,kleavesleygw@cam.ac.uk,Male,28/04/1980
610,Hugibert,Fozzard,hfozzardgx@mozilla.org,Male,12/03/1988
611,Abbey,Ciardo,aciardogy@ehow.com,Female,15/01/1955
612,Dominique,Isaak,disaakgz@shareasale.com,Male,11/01/1980
613,Salomone,Squier,ssquierh0@smugmug.com,Male,15/03/1966
614,Cross,Lambie,clambieh1@imgur.com,Male,22/01/1949
615,Melinda,Kulvear,mkulvearh2@newsvine.com,Female,28/05/1949
616,Alanson,Keme,akemeh3@tuttocitta.it,Male,09/06/1975
617,Tanney,Crossby,tcrossbyh4@independent.co.uk,Male,22/01/1950
618,Cornelle,O'Loghlen,cologhlenh5@chicagotribune.com,Female,30/01/1995
619,Zelma,Emanuele,zemanueleh6@opera.com,Female,31/08/1978
620,Elvira,Fittall,efittallh7@amazon.co.uk,Female,26/12/1940
621,Timmy,Stronack,tstronackh8@lycos.com,Male,12/09/1982
622,Selina,Bonwell,sbonwellh9@tumblr.com,Female,01/04/1967
623,Prentice,Levinge,plevingeha@freewebs.com,Male,14/12/1943
624,Karil,Mouland,kmoulandhb@accuweather.com,Female,24/11/1995
625,Lotta,Jerok,ljerokhc@soup.io,Female,11/12/1968
626,Morry,Quarrie,mquarriehd@nature.com,Male,30/10/1955
627,Tine,Sanger,tsangerhe@themeforest.net,Female,29/03/1997
628,Flemming,Ovid,fovidhf@reference.com,Male,09/07/1946
629,Giustina,Paulsson,gpaulssonhg@hc360.com,Female,21/11/1953
630,Faith,Ackerman,fackermanhh@ft.com,Female,01/12/1975
631,Skippie,Heijnen,sheijnenhi@vimeo.com,Male,21/08/1971
632,Keene,Sallenger,ksallengerhj@stanford.edu,Male,12/01/1977
633,Pia,Utteridge,putteridgehk@cisco.com,Female,11/10/1993
634,Fremont,Cumbers,fcumbershl@wired.com,Male,06/01/1949
635,Casar,Hinchshaw,chinchshawhm@oaic.gov.au,Male,14/09/1949
636,Merna,Sawley,msawleyhn@wikispaces.com,Female,31/01/1964
637,Lucio,Dunge,ldungeho@google.nl,Male,29/07/1982
638,Boris,Poolton,bpooltonhp@yolasite.com,Male,14/02/1948
639,Tobin,Joselovitch,tjoselovitchhq@alexa.com,Male,13/04/1944
640,Granville,Abell,gabellhr@hibu.com,Male,25/02/1952
641,Waylen,Courtin,wcourtinhs@ask.com,Male,13/07/1948
642,Horacio,Blanchflower,hblanchflowerht@netvibes.com,Male,16/07/1993
643,Humfrid,Barthorpe,hbarthorpehu@buzzfeed.com,Male,12/02/1956
644,Tonya,Grob,tgrobhv@dedecms.com,Female,22/05/1943
645,Elaine,Toffanini,etoffaninihw@webs.com,Female,25/01/1997
646,Isidore,Meecher,imeecherhx@redcross.org,Male,03/07/1947
647,Nyssa,Sked,nskedhy@examiner.com,Female,31/05/1987
648,Thorsten,Sahlstrom,tsahlstromhz@howstuffworks.com,Male,27/09/1995
649,Dusty,Obray,dobrayi0@sciencedaily.com,Female,07/09/1944
650,Meredith,Slide,mslidei1@mtv.com,Male,27/04/1970
651,Goran,Feacham,gfeachami2@ted.com,Male,09/02/1988
652,Vidovik,Confait,vconfaiti3@nydailynews.com,Male,26/09/1978
653,Ruggiero,Diggar,rdiggari4@illinois.edu,Male,23/07/1979
654,Celestia,MacGuffie,cmacguffiei5@aboutads.info,Female,13/04/1991
655,Lancelot,Knowlman,lknowlmani6@gravatar.com,Male,07/06/1966
656,Karoly,Evreux,kevreuxi7@msn.com,Female,12/12/1947
657,Trip,Trussell,ttrusselli8@nba.com,Male,21/07/1956
658,Arabele,Baytrop,abaytropi9@soup.io,Female,02/06/1991
659,Nilson,Lamasna,nlamasnaia@census.gov,Male,17/05/1951
660,Merrill,Bonevant,mbonevantib@rakuten.co.jp,Male,31/08/1940
661,Mellie,Hazell,mhazellic@nasa.gov,Female,10/03/1983
662,Abba,Robjents,arobjentsid@who.int,Male,21/08/1946
663,Giraud,Donwell,gdonwellie@cisco.com,Male,17/08/1994
664,Cristian,Vickar,cvickarif@npr.org,Male,04/12/1954
665,Ozzy,Roby,orobyig@amazon.co.jp,Male,25/11/1995
666,Deck,Snead,dsneadih@51.la,Male,08/02/1975
667,Melody,Scough,mscoughii@ifeng.com,Female,14/06/1989
668,Emmett,Haworth,ehaworthij@stanford.edu,Male,21/07/1961
669,Lorrayne,Stanistrete,lstanistreteik@eventbrite.com,Female,18/11/1985
670,Giffard,Moatt,gmoattil@usgs.gov,Male,16/12/1957
671,David,Roches,drochesim@theglobeandmail.com,Male,07/10/1985
672,Bettine,McCuish,bmccuishin@spiegel.de,Female,26/11/1994
673,Myer,Ivimey,mivimeyio@usa.gov,Male,13/05/1976
674,Brooks,Truwert,btruwertip@ycombinator.com,Male,16/09/1983
675,Nye,Sercombe,nsercombeiq@mtv.com,Male,31/08/1942
676,Nicolas,Reeders,nreedersir@mayoclinic.com,Male,05/11/1944
677,Cori,Richold,cricholdis@e-recht24.de,Male,12/07/1990
678,Colas,Varran,cvarranit@illinois.edu,Male,30/04/1966
679,Halsey,Paute,hpauteiu@skyrock.com,Male,03/08/1955
680,Naomi,Greenman,ngreenmaniv@comsenz.com,Female,20/10/1997
681,Christos,Clampett,cclampettiw@jimdo.com,Male,30/12/1999
682,Manuel,Petrasso,mpetrassoix@narod.ru,Male,09/02/1957
683,Andras,Marjoribanks,amarjoribanksiy@cafepress.com,Male,05/07/1985
684,Terencio,McLenaghan,tmclenaghaniz@umich.edu,Male,18/06/1975
685,Fayina,Croxley,fcroxleyj0@last.fm,Female,04/04/1943
686,Harv,Drakeley,hdrakeleyj1@purevolume.com,Male,02/11/1974
687,Rik,Alexis,ralexisj2@reuters.com,Male,09/03/1963
688,Patrice,Fairburn,pfairburnj3@ocn.ne.jp,Female,12/12/1999
689,Marna,Cancott,mcancottj4@freewebs.com,Female,15/05/1986
690,Edlin,Unger,eungerj5@google.com.au,Male,02/09/1976
691,Adrea,Bedell,abedellj6@indiegogo.com,Female,10/04/1998
692,Trix,Dawtre,tdawtrej7@bloglines.com,Female,02/03/1989
693,Marvin,Dowe,mdowej8@state.gov,Male,13/02/1951
694,Inesita,Farlamb,ifarlambj9@hexun.com,Female,24/01/1948
695,Dolf,Armin,darminja@clickbank.net,Male,10/02/1985
696,Sigfried,Wolpert,swolpertjb@fastcompany.com,Male,10/02/1955
697,Skippy,Conniam,sconniamjc@edublogs.org,Male,31/12/1974
698,Willie,Mulder,wmulderjd@weebly.com,Female,26/01/1980
699,Magdalena,Jailler,mjaillerje@dion.ne.jp,Female,05/06/1987
700,Byram,Archibould,barchibouldjf@scribd.com,Male,08/07/1994
701,Findlay,Guiso,fguisojg@discovery.com,Male,14/09/1952
702,Abramo,Bendixen,abendixenjh@1688.com,Male,03/05/1985
703,Freddi,Fendlen,ffendlenji@kickstarter.com,Female,06/01/1971
704,Lazare,Petto,lpettojj@w3.org,Male,03/03/1999
705,Flossi,Eppson,feppsonjk@yahoo.co.jp,Female,22/09/1972
706,Bing,Baukham,bbaukhamjl@printfriendly.com,Male,02/04/1981
707,Orion,Haxley,ohaxleyjm@de.vu,Male,27/11/1980
708,Cammi,Yurchenko,cyurchenkojn@icio.us,Female,31/05/1982
709,Michael,Grimwad,mgrimwadjo@soup.io,Male,12/10/1970
710,Zak,Heitz,zheitzjp@webeden.co.uk,Male,16/11/1993
711,Laurie,Yurchishin,lyurchishinjq@digg.com,Male,04/08/1996
712,Lauren,Maddigan,lmaddiganjr@nps.gov,Male,26/10/1980
713,Martelle,Bes,mbesjs@wired.com,Female,31/08/1970
714,Delilah,Marquot,dmarquotjt@domainmarket.com,Female,08/04/1966
715,Felicia,Tuite,ftuiteju@blog.com,Female,28/01/1981
716,Meier,Lumbley,mlumbleyjv@123-reg.co.uk,Male,08/11/1970
717,Hayes,Heales,hhealesjw@behance.net,Male,27/09/1975
718,Marthe,Audibert,maudibertjx@opera.com,Female,11/07/1993
719,Kele,Ormiston,kormistonjy@ocn.ne.jp,Male,09/11/1997
720,Emmett,D'eathe,edeathejz@slashdot.org,Male,08/04/1969
721,Bondy,Pooley,bpooleyk0@i2i.jp,Male,21/05/1996
722,Filmer,Cay,fcayk1@smugmug.com,Male,15/06/1973
723,Artemis,Broker,abrokerk2@lulu.com,Male,15/09/1992
724,Ulises,Hinkens,uhinkensk3@hc360.com,Male,17/02/1995
725,Joni,Pearlman,jpearlmank4@blogger.com,Female,01/09/1987
726,Brooke,Hoodlass,bhoodlassk5@amazonaws.com,Female,11/07/1965
727,Jan,Bernth,jbernthk6@hibu.com,Female,11/05/1985
728,Greggory,Carsberg,gcarsbergk7@reuters.com,Male,30/06/1977
729,Barton,Eustis,beustisk8@deviantart.com,Male,11/03/1961
730,Letty,Dutnall,ldutnallk9@psu.edu,Female,10/08/1962
731,Jackie,Allmann,jallmannka@blinklist.com,Female,26/07/1971
732,Enid,Pohls,epohlskb@wiley.com,Female,05/02/1999
733,Rikki,Peggram,rpeggramkc@hhs.gov,Female,21/06/1959
734,Athena,Bottoms,abottomskd@cocolog-nifty.com,Female,08/02/1989
735,Glenine,Neate,gneateke@nationalgeographic.com,Female,27/10/1956
736,Hilary,Blaik,hblaikkf@pcworld.com,Male,20/02/1963
737,Karyl,Kneesha,kkneeshakg@myspace.com,Female,12/04/1948
738,Hoyt,Lubman,hlubmankh@fema.gov,Male,22/12/1985
739,Finley,Goldbourn,fgoldbournki@amazon.com,Male,01/07/1944
740,Rosaleen,Hazart,rhazartkj@e-recht24.de,Female,04/05/1984
741,Bobbie,Pace,bpacekk@wikipedia.org,Male,17/02/1961
742,Trixy,Hagyard,thagyardkl@constantcontact.com,Female,18/04/1952
743,Oralla,Bridges,obridgeskm@ebay.com,Female,09/06/1987
744,Ethelind,Bartlomiej,ebartlomiejkn@guardian.co.uk,Female,24/09/1941
745,Nicolais,FitzGeorge,nfitzgeorgeko@squidoo.com,Male,17/11/1951
746,Max,Trenholm,mtrenholmkp@marriott.com,Female,10/02/1994
747,Nealson,Mountjoy,nmountjoykq@abc.net.au,Male,25/11/1944
748,Isaac,Johnys,ijohnyskr@bloglovin.com,Male,27/08/1988
749,Alf,Fargher,afargherks@independent.co.uk,Male,17/07/1969
750,Koenraad,McClancy,kmcclancykt@cyberchimps.com,Male,05/08/1995
751,Hildagarde,Dennes,hdennesku@posterous.com,Female,19/06/1949
752,Nate,Reboulet,nrebouletkv@walmart.com,Male,09/02/1975
753,Vinnie,Gibbe,vgibbekw@blogs.com,Male,19/08/1941
754,Rayna,Elijahu,relijahukx@google.de,Female,24/05/1997
755,Marielle,Widdop,mwiddopky@msn.com,Female,06/05/1941
756,Brittney,Joburn,bjoburnkz@chronoengine.com,Female,30/12/1949
757,Clementina,Dransfield,cdransfieldl0@qq.com,Female,08/10/1997
758,Shannan,Andreucci,sandreuccil1@reverbnation.com,Male,18/12/1963
759,Abbie,Benbough,abenboughl2@economist.com,Male,18/03/1997
760,Wilona,Pidcock,wpidcockl3@uol.com.br,Female,04/03/1942
761,Claire,Laurance,claurancel4@earthlink.net,Male,08/09/1995
762,Joshuah,Brosch,jbroschl5@livejournal.com,Male,05/01/1985
763,Elicia,Brewett,ebrewettl6@comcast.net,Female,17/03/1943
764,Kalila,Lowde,klowdel7@yellowbook.com,Female,11/02/1971
765,Birch,Scallan,bscallanl8@parallels.com,Male,29/08/1999
766,Davie,Inglesant,dinglesantl9@exblog.jp,Male,09/01/1988
767,Leigh,Dowden,ldowdenla@amazon.de,Female,07/06/1973
768,Donovan,Fairman,dfairmanlb@fotki.com,Male,02/05/1992
769,Fania,Winn,fwinnlc@unblog.fr,Female,13/11/1988
770,Janean,Tomczynski,jtomczynskild@loc.gov,Female,21/08/1971
771,Janean,Yukhin,jyukhinle@springer.com,Female,26/01/1976
772,Farica,Cluderay,fcluderaylf@artisteer.com,Female,08/02/1991
773,Ewart,Bacher,ebacherlg@constantcontact.com,Male,12/01/1999
774,Frank,Thiese,fthieselh@wikipedia.org,Female,10/08/1999
775,Rurik,Bartell,rbartellli@virginia.edu,Male,31/07/1978
776,Alvy,Hillburn,ahillburnlj@google.de,Male,11/11/1955
777,Teddi,MacKilroe,tmackilroelk@vkontakte.ru,Female,27/03/1966
778,Clare,Peevor,cpeevorll@nsw.gov.au,Female,14/12/1988
779,Georgie,Trussman,gtrussmanlm@ft.com,Female,09/03/1942
780,Yetta,Merrick,ymerrickln@oaic.gov.au,Female,20/03/1946
781,Basile,Beuscher,bbeuscherlo@about.com,Male,05/10/1964
782,Salomon,Karolovsky,skarolovskylp@example.com,Male,04/07/1946
783,Matty,Jirasek,mjiraseklq@mtv.com,Female,10/11/1949
784,Randolph,Tongue,rtonguelr@skype.com,Male,04/07/1960
785,Christiana,Phillipson,cphillipsonls@goo.gl,Female,09/11/1954
786,Niel,Camelli,ncamellilt@spotify.com,Male,07/09/1962
787,Christoffer,Lawranson,clawransonlu@goo.gl,Male,17/04/1986
788,Teador,Jagson,tjagsonlv@uiuc.edu,Male,19/02/1961
789,Hayyim,McSaul,hmcsaullw@yahoo.co.jp,Male,03/05/1995
790,Antonino,Van Leijs,avanleijslx@purevolume.com,Male,30/06/1944
791,Hamilton,Hugk,hhugkly@seattletimes.com,Male,28/03/1975
792,Abbey,Lukacs,alukacslz@accuweather.com,Male,12/05/1989
793,Trace,Roset,trosetm0@state.gov,Male,23/04/1998
794,Deane,Rennix,drennixm1@wunderground.com,Female,26/03/1989
795,Edlin,Jurek,ejurekm2@berkeley.edu,Male,30/07/1966
796,Erina,Pocknoll,epocknollm3@purevolume.com,Female,05/05/1945
797,Aron,Stebles,asteblesm4@miibeian.gov.cn,Male,29/08/1965
798,Raye,Blissett,rblissettm5@google.de,Female,29/11/1941
799,Vilhelmina,Coopman,vcoopmanm6@reddit.com,Female,18/08/1996
800,Carolyne,Gaukroger,cgaukrogerm7@topsy.com,Female,27/06/1988
801,Zorine,Blayd,zblaydm8@latimes.com,Female,30/09/1947
802,Lethia,Rosenqvist,lrosenqvistm9@bbc.co.uk,Female,09/07/1979
803,Freda,Crookston,fcrookstonma@nifty.com,Female,17/10/1940
804,Farlie,Loadwick,floadwickmb@bigcartel.com,Male,22/11/1966
805,Georgine,Lotte,glottemc@technorati.com,Female,24/12/1956
806,Dunc,Dartnell,ddartnellmd@addtoany.com,Male,24/11/1980
807,Erik,Royse,eroyseme@moonfruit.com,Male,30/04/1961
808,Morly,Haldin,mhaldinmf@telegraph.co.uk,Male,24/10/1992
809,Gina,Fetters,gfettersmg@adobe.com,Female,07/04/1996
810,Markos,Middler,mmiddlermh@ed.gov,Male,17/07/1994
811,Charmian,Eidler,ceidlermi@imgur.com,Female,11/04/1983
812,Celinda,Sabathe,csabathemj@bbb.org,Female,19/10/1982
813,Jasmin,Labdon,jlabdonmk@clickbank.net,Female,14/09/1970
814,Myrtia,Hamsson,mhamssonml@biblegateway.com,Female,10/06/1955
815,Tania,Allchin,tallchinmm@blogger.com,Female,26/04/1957
816,Lorine,Stenning,lstenningmn@elpais.com,Female,23/09/1970
817,Abner,Posen,aposenmo@google.es,Male,31/07/1998
818,Sutherlan,Hotchkin,shotchkinmp@lycos.com,Male,05/01/1995
819,Hyman,Buye,hbuyemq@vistaprint.com,Male,31/08/1966
820,Bobby,Fitchet,bfitchetmr@uiuc.edu,Male,04/12/1957
821,Shell,Wellard,swellardms@digg.com,Male,18/08/1972
822,Candide,Sooley,csooleymt@lulu.com,Female,22/12/1969
823,Pepi,Pie,ppiemu@pen.io,Female,16/01/1988
824,Egbert,Chester,echestermv@dropbox.com,Male,12/09/1973
825,Binnie,Pottery,bpotterymw@usatoday.com,Female,23/03/1960
826,Cornie,Cavolini,ccavolinimx@nbcnews.com,Female,22/04/1994
827,Ben,Papez,bpapezmy@google.pl,Male,30/10/1954
828,Bengt,Spatig,bspatigmz@github.com,Male,28/09/1945
829,Emmalynne,Cantwell,ecantwelln0@nba.com,Female,08/01/1952
830,Brewster,Weddup,bweddupn1@bizjournals.com,Male,22/05/1987
831,Dwain,Madden,dmaddenn2@imdb.com,Male,10/11/1974
832,Arlin,Ruos,aruosn3@weibo.com,Male,19/07/1949
833,Ki,Niccols,kniccolsn4@flavors.me,Female,31/07/1979
834,Gunter,McFayden,gmcfaydenn5@quantcast.com,Male,16/07/1995
835,Clark,Patullo,cpatullon6@state.tx.us,Male,05/12/1992
836,Jarib,Drennan,jdrennann7@scribd.com,Male,04/10/1957
837,Jacky,Izakovitz,jizakovitzn8@hhs.gov,Male,12/10/1977
838,Emelen,Scourgie,escourgien9@cbslocal.com,Male,09/03/1988
839,Stillman,Lilloe,slilloena@csmonitor.com,Male,20/05/1954
840,Giacinta,Corday,gcordaynb@prnewswire.com,Female,26/10/1972
841,Benni,Brehat,bbrehatnc@nba.com,Female,21/02/1960
842,Barbe,Glassopp,bglassoppnd@timesonline.co.uk,Female,25/07/1969
843,Yancy,Schapero,yschaperone@nymag.com,Male,11/04/1990
844,Eddy,Sherebrooke,esherebrookenf@uiuc.edu,Female,02/06/1994
845,Rebeca,Lowrie,rlowrieng@imgur.com,Female,18/09/1971
846,Ania,Domesday,adomesdaynh@google.cn,Female,08/06/1970
847,Rosco,Farington,rfaringtonni@mayoclinic.com,Male,25/09/1998
848,Kessia,Dingle,kdinglenj@uiuc.edu,Female,09/10/1980
849,Garrek,Quare,gquarenk@drupal.org,Male,06/08/1970
850,Evvy,Tidgewell,etidgewellnl@twitpic.com,Female,02/05/1961
851,Dore,Bouldstridge,dbouldstridgenm@dot.gov,Female,17/03/1944
852,Meggy,Jersch,mjerschnn@xing.com,Female,26/05/1999
853,Shanna,Frossell,sfrossellno@economist.com,Female,15/02/1998
854,Jamie,Farrier,jfarriernp@omniture.com,Female,20/08/1960
855,Cointon,Skelcher,cskelchernq@cmu.edu,Male,21/10/1990
856,Elsbeth,Baigent,ebaigentnr@dagondesign.com,Female,19/07/1951
857,Kissee,Arlidge,karlidgens@uol.com.br,Female,28/04/1991
858,Ofelia,FitzGibbon,ofitzgibbonnt@hc360.com,Female,06/11/1978
859,Inessa,Leyborne,ileybornenu@go.com,Female,28/05/1947
860,Theo,Tonsley,ttonsleynv@ca.gov,Male,27/08/1996
861,Rudolfo,Lyston,rlystonnw@vinaora.com,Male,14/12/1989
862,Thedrick,Keates,tkeatesnx@phpbb.com,Male,04/04/1961
863,Lief,Rowan,lrowanny@cnet.com,Male,03/03/1966
864,Babbette,Corteis,bcorteisnz@marketwatch.com,Female,24/09/1956
865,Joseph,Playle,jplayleo0@google.cn,Male,30/05/1953
866,Millie,Escala,mescalao1@youtube.com,Female,20/06/1962
867,Frank,Ruberry,fruberryo2@theglobeandmail.com,Female,16/06/1940
868,Johann,Davenall,jdavenallo3@rediff.com,Male,13/11/1946
869,Igor,Keir,ikeiro4@bigcartel.com,Male,07/06/1984
870,Buck,Cherry,bcherryo5@godaddy.com,Male,26/09/1992
871,Stevena,Clutterham,sclutterhamo6@hp.com,Female,21/10/1969
872,Grannie,Cleen,gcleeno7@techcrunch.com,Male,16/06/1992
873,Tera,Osborn,tosborno8@friendfeed.com,Female,16/01/1983
874,Devon,Billing,dbillingo9@cnbc.com,Female,14/01/1975
875,Desiri,Hounsom,dhounsomoa@cdc.gov,Female,06/12/1962
876,Wynne,Danes,wdanesob@theguardian.com,Female,20/04/1962
877,Lacee,Tremblett,ltremblettoc@dot.gov,Female,09/09/1988
878,Georgianna,Howell,ghowellod@liveinternet.ru,Female,25/10/1985
879,Zahara,Bloodworthe,zbloodwortheoe@abc.net.au,Female,12/02/1959
880,Elton,Amberson,eambersonof@ehow.com,Male,12/03/1983
881,Briana,Budge,bbudgeog@live.com,Female,16/11/1945
882,Craggie,Duckett,cduckettoh@gravatar.com,Male,07/05/1987
883,Cazzie,MacRitchie,cmacritchieoi@cafepress.com,Male,30/03/1953
884,Neda,Stairmond,nstairmondoj@archive.org,Female,20/02/1967
885,Fairleigh,Piggford,fpiggfordok@zimbio.com,Male,07/06/1982
886,Doy,Gant,dgantol@ibm.com,Male,30/09/1948
887,Constancy,Leathard,cleathardom@51.la,Female,17/12/1946
888,Rinaldo,Tacker,rtackeron@ftc.gov,Male,05/06/1942
889,Beilul,Mateja,bmatejaoo@alibaba.com,Female,09/02/1956
890,Roxana,Tirkin,rtirkinop@clickbank.net,Female,29/07/1990
891,Gavan,Letterese,glettereseoq@foxnews.com,Male,09/07/1989
892,Elmore,Wince,ewinceor@archive.org,Male,20/06/1981
893,Rudolf,Drissell,rdrissellos@youku.com,Male,03/01/1998
894,Adrian,Laister,alaisterot@shinystat.com,Male,02/02/1984
895,Brion,Renzo,brenzoou@facebook.com,Male,29/03/1977
896,Keelby,Crellin,kcrellinov@slideshare.net,Male,21/09/1976
897,Thayne,Varty,tvartyow@blogspot.com,Male,29/12/1941
898,Pepita,Divers,pdiversox@economist.com,Female,16/05/1948
899,Harmon,Kingstne,hkingstneoy@dagondesign.com,Male,10/08/1994
900,Willabella,Dandison,wdandisonoz@jiathis.com,Female,20/05/1981
901,Kathe,Dutnall,kdutnallp0@sina.com.cn,Female,25/08/1943
902,Humfrid,Aseef,haseefp1@epa.gov,Male,29/04/1989
903,Georas,Cokely,gcokelyp2@hhs.gov,Male,22/05/1977
904,Rollin,Rohlfing,rrohlfingp3@ow.ly,Male,28/10/1961
905,Koressa,Posselow,kposselowp4@walmart.com,Female,22/07/1976
906,Lesley,Blampy,lblampyp5@ca.gov,Male,08/04/1947
907,Petronella,Cowndley,pcowndleyp6@amazon.de,Female,23/03/1949
908,Nola,Robbings,nrobbingsp7@imageshack.us,Female,03/08/1984
909,Agustin,Kupis,akupisp8@ibm.com,Male,29/10/1944
910,Wright,Gaitskill,wgaitskillp9@friendfeed.com,Male,10/07/1992
911,Nessa,Farraway,nfarrawaypa@amazon.com,Female,08/03/1987
912,Douglass,Sallnow,dsallnowpb@ebay.com,Male,24/04/1943
913,Boyd,Weed,bweedpc@wordpress.org,Male,12/07/1952
914,Maurise,Welman,mwelmanpd@delicious.com,Female,16/02/1961
915,Brinna,Grastye,bgrastyepe@google.com.hk,Female,13/07/1974
916,Sayer,Bree,sbreepf@senate.gov,Male,11/07/1958
917,Eartha,Sims,esimspg@berkeley.edu,Female,28/11/1950
918,Dinnie,Ziemen,dziemenph@tumblr.com,Female,12/02/1996
919,Eustacia,Deevey,edeeveypi@state.tx.us,Female,15/10/1997
920,Denys,Stapforth,dstapforthpj@loc.gov,Female,02/12/1991
921,Brigit,Gallagher,bgallagherpk@simplemachines.org,Female,26/05/1977
922,Markus,Rosell,mrosellpl@sogou.com,Male,06/01/1976
923,Claus,Axelby,caxelbypm@bloglines.com,Male,23/09/1978
924,Bobine,Pablo,bpablopn@meetup.com,Female,06/11/1974
925,Ulric,Gerred,ugerredpo@economist.com,Male,26/05/1966
926,Fayina,Bonifacio,fbonifaciopp@about.me,Female,19/07/1949
927,Homerus,Midson,hmidsonpq@lulu.com,Male,06/03/1999
928,Ilsa,Joust,ijoustpr@umich.edu,Female,10/05/1991
929,Davine,Luckhurst,dluckhurstps@seesaa.net,Female,13/02/1979
930,Gordie,Belbin,gbelbinpt@vkontakte.ru,Male,03/07/1985
931,Etta,Manie,emaniepu@cornell.edu,Female,17/06/1976
932,Faunie,McAnulty,fmcanultypv@ifeng.com,Female,10/03/1967
933,Kienan,O'Lehane,kolehanepw@utexas.edu,Male,07/01/1943
934,Carley,Gresswell,cgresswellpx@hexun.com,Female,22/01/1963
935,Antonina,Ebbage,aebbagepy@acquirethisname.com,Female,09/07/1973
936,Katya,Kingswood,kkingswoodpz@chicagotribune.com,Female,05/11/1945
937,Chickie,Durston,cdurstonq0@ycombinator.com,Female,27/01/1944
938,Ardella,MacCumiskey,amaccumiskeyq1@dmoz.org,Female,27/01/1943
939,Jojo,Goodhall,jgoodhallq2@goo.ne.jp,Female,04/03/1975
940,Abramo,Cockroft,acockroftq3@ihg.com,Male,06/07/1959
941,Marnia,Camilleri,mcamilleriq4@cyberchimps.com,Female,25/03/1991
942,Ewan,Colton,ecoltonq5@ibm.com,Male,31/07/1986
943,Rosamund,Blanden,rblandenq6@constantcontact.com,Female,13/06/1970
944,Terza,Fritchley,tfritchleyq7@cmu.edu,Female,06/02/1961
945,Quincy,Eusden,qeusdenq8@odnoklassniki.ru,Male,05/10/1982
946,Shaughn,McMurray,smcmurrayq9@fc2.com,Male,09/07/1956
947,Nettle,Henderson,nhendersonqa@cafepress.com,Female,16/02/1995
948,Giffie,Ewer,gewerqb@samsung.com,Male,24/07/1944
949,Olvan,Richarson,oricharsonqc@timesonline.co.uk,Male,31/12/1940
950,Pietro,Mueller,pmuellerqd@topsy.com,Male,11/09/1949
951,Tadeo,Cockerton,tcockertonqe@house.gov,Male,06/05/1947
952,Fanya,D'Elias,fdeliasqf@hostgator.com,Female,07/03/1996
953,Winona,Gutowska,wgutowskaqg@guardian.co.uk,Female,22/12/1953
954,Saudra,McPartling,smcpartlingqh@last.fm,Female,15/11/1998
955,Barclay,Lockner,blocknerqi@engadget.com,Male,27/12/1981
956,Nicol,Wheatley,nwheatleyqj@yahoo.co.jp,Male,15/03/1978
957,Arvin,Lamplugh,alamplughqk@marketwatch.com,Male,24/07/1953
958,Octavius,Ingarfield,oingarfieldql@jigsy.com,Male,13/03/1997
959,Pollyanna,Scotchmor,pscotchmorqm@usgs.gov,Female,14/11/1968
960,Jobie,Troy,jtroyqn@seattletimes.com,Female,06/04/1981
961,Catie,Whitwell,cwhitwellqo@domainmarket.com,Female,06/11/1969
962,Agnola,Rean,areanqp@miitbeian.gov.cn,Female,04/02/1957
963,Talbot,Monery,tmoneryqq@unc.edu,Male,14/06/1990
964,Wilton,Yansons,wyansonsqr@salon.com,Male,24/03/1976
965,Sarene,McEvon,smcevonqs@stumbleupon.com,Female,09/07/1956
966,Andra,Dulinty,adulintyqt@un.org,Female,20/03/1972
967,Reine,Easby,reasbyqu@themeforest.net,Female,19/11/1973
968,Lynsey,Denizet,ldenizetqv@usda.gov,Female,29/06/1944
969,Crissie,Dineen,cdineenqw@webmd.com,Female,12/10/1961
970,Even,Fortey,eforteyqx@fc2.com,Male,08/10/1970
971,Dolly,Hellcat,dhellcatqy@yelp.com,Female,22/01/1970
972,Wallis,McKue,wmckueqz@nba.com,Female,13/08/1984
973,Chris,McGovern,cmcgovernr0@springer.com,Female,25/10/1959
974,Veronique,Frangleton,vfrangletonr1@people.com.cn,Female,08/12/1992
975,Emmit,Wickendon,ewickendonr2@foxnews.com,Male,16/07/1969
976,Justus,Arminger,jarmingerr3@digg.com,Male,09/08/1984
977,Bucky,Gomes,bgomesr4@nbcnews.com,Male,08/03/1974
978,Prescott,Ghilks,pghilksr5@deliciousdays.com,Male,24/07/1990
979,Chico,Viney,cvineyr6@gov.uk,Male,27/05/1995
980,Kasper,Sones,ksonesr7@nsw.gov.au,Male,05/08/1941
981,Berthe,Oades,boadesr8@wired.com,Female,15/12/1957
982,Padget,Hallan,phallanr9@joomla.org,Male,26/08/1959
983,Yorgo,Perigo,yperigora@dell.com,Male,09/01/1968
984,Xavier,Patington,xpatingtonrb@cnbc.com,Male,07/03/1983
985,Olin,Gravenell,ogravenellrc@parallels.com,Male,19/04/1984
986,Ardyce,Hallowes,ahallowesrd@prweb.com,Female,12/05/1969
987,Lacey,Conelly,lconellyre@miibeian.gov.cn,Female,11/09/1940
988,Hervey,Giddings,hgiddingsrf@infoseek.co.jp,Male,28/01/1958
989,Miguela,Tidman,mtidmanrg@weather.com,Female,25/04/1961
990,Odille,Millyard,omillyardrh@studiopress.com,Female,12/09/1951
991,Olly,Lipsett,olipsettri@1und1.de,Male,01/01/1960
992,Dorie,Gosford,dgosfordrj@qq.com,Male,10/03/1965
993,Pasquale,Maybey,pmaybeyrk@cpanel.net,Male,11/02/1972
994,Renard,Heaney`,rheaneyrl@paypal.com,Male,09/03/1974
995,Monique,Feavearyear,mfeavearyearrm@lulu.com,Female,23/03/1948
996,Emmery,Huc,ehucrn@usnews.com,Male,20/05/1946
997,Steffi,Ottawell,sottawellro@w3.org,Female,19/04/1978
998,Oren,Lawlee,olawleerp@springer.com,Male,03/09/1971
999,Duky,Detoile,ddetoilerq@nydailynews.com,Male,27/08/1958
1000,Allistir,Roy,aroyrr@answers.com,Male,08/12/1956
